{"ball-yolov4-tiny_256": {"coco_validation_sml_01_False_matchdrill": {"AP_{@[IoU=0.50:0.95]-all}": 0.5839766306886385, "AP_{@[IoU=0.50:0.95]-small}": 0.4992197508607172, "AP_{@[IoU=0.50:0.95]-medium}": 0.8129243505914865, "latency": 33.31467456687353, "model_size": 22.46422290802002}}}