{"ball-yolov4-tiny_320": {"coco_validation_sml_01_False_matchdrill": {"AP_{@[IoU=0.50:0.95]-all}": 0.6408551281457529, "AP_{@[IoU=0.50:0.95]-small}": 0.5607435557660959, "AP_{@[IoU=0.50:0.95]-medium}": 0.8494160553805452, "latency": 23.23075454524385, "model_size": 22.468342781066895}}}