{"pretrained_yolov4-tiny": {"coco_validation_sml_01_False_matchdrill": {"AP_{@[IoU=0.50:0.95]-all}": 0.15596180799553683, "AP_{@[IoU=0.50:0.95]-small}": 0.06325028081855712, "AP_{@[IoU=0.50:0.95]-medium}": 0.4579602293888328, "latency": 13.884707478851627, "model_size": 23.172390937805176}}}