{"yolov4-tiny-ball_416": {"coco_test_sml_01_False_drill": {"AP_{@[IoU=0.50:0.95]-all}": 0.7519623695637823, "AP_{@[IoU=0.50:0.95]-small}": 0.709362306522353, "AP_{@[IoU=0.50:0.95]-medium}": 0.8664071524865352, "latency": 14.279445279773187, "model_size": 22.47623920440674}, "coco_test_sml_01_False_matchdrill": {"AP_{@[IoU=0.50:0.95]-all}": 0.6928815210097229, "AP_{@[IoU=0.50:0.95]-small}": 0.6343048799511836, "AP_{@[IoU=0.50:0.95]-medium}": 0.8548999602034213, "latency": 14.458006761587853, "model_size": 22.47623920440674}, "coco_test_sml_01_FalseTrue_matchdrill": {"AP_{@[IoU=0.50:0.95]-all}": 0.6283742634922397, "AP_{@[IoU=0.50:0.95]-small}": 0.6005776015443209, "AP_{@[IoU=0.50:0.95]-medium}": 0.7077619657142465, "latency": 14.449774942823003, "model_size": 22.47623920440674}}}