{"ball-nanodet-plus-m-1.5x_416": {"coco_validation_sml_01_False_matchdrill": {"AP_{@[IoU=0.50:0.95]-all}": 0.3505647664561398, "AP_{@[IoU=0.50:0.95]-small}": 0.20419383336868857, "AP_{@[IoU=0.50:0.95]-medium}": 0.7913925009098484, "latency": 20.913319587639613, "model_size": 10.27464485168457}}}