{"ball-nanodet-plus-m-1.5x_320": {"coco_validation_sml_01_False_matchdrill": {"AP_{@[IoU=0.50:0.95]-all}": 0.5215876793887672, "AP_{@[IoU=0.50:0.95]-small}": 0.40872351066344703, "AP_{@[IoU=0.50:0.95]-medium}": 0.8246487780535425, "latency": 36.25719572016452, "model_size": 10.274643898010254}}}