{"ball-nanodet-plus-m-1.5x_416": {"coco_validation_sml_01_False_matchdrill": {"AP_{@[IoU=0.50:0.95]-all}": 0.6299160925267219, "AP_{@[IoU=0.50:0.95]-small}": 0.5427438715472102, "AP_{@[IoU=0.50:0.95]-medium}": 0.8862175135205078, "latency": 21.210636120152085, "model_size": 10.27464485168457}}}