{"ball-nanodet-plus-m-1.5x_320": {"coco_validation_sml_01_False_matchdrill": {"AP_{@[IoU=0.50:0.95]-all}": 0.27533646147452406, "AP_{@[IoU=0.50:0.95]-small}": 0.12243467053429159, "AP_{@[IoU=0.50:0.95]-medium}": 0.7404325068529828, "latency": 21.12463130781219}}}