{"ball-nanodet-plus-m_fp16_416": {"coco_validation_sml_01_False_matchdrill": {"AP_{@[IoU=0.50:0.95]-all}": 0.7248392395842448, "AP_{@[IoU=0.50:0.95]-small}": 0.666647886129291, "AP_{@[IoU=0.50:0.95]-medium}": 0.9050987426555175, "latency": 15.333177431964073, "model_size": 3.1501522064208984}}}