{"pretrained_nanodet-plus-m_416": {"coco_validation_sml_01_False_matchdrill": {"AP_{@[IoU=0.50:0.95]-all}": 0.4041053796883757, "AP_{@[IoU=0.50:0.95]-small}": 0.3468757986911501, "AP_{@[IoU=0.50:0.95]-medium}": 0.5840068723746954, "latency": 31.082886318111907, "model_size": 4.946371078491211}}}