{"ballcascade_12_0.25": {"coco_train_sml_01_False_matchdrill": {"AP_{@[IoU=0.50:0.95]-all}": 0.09578138782836104, "AP_{@[IoU=0.50:0.95]-small}": 0.03214413787927305, "AP_{@[IoU=0.50:0.95]-medium}": 0.2349249758292332}, "coco_validation_sml_01_False_matchdrill": {"AP_{@[IoU=0.50:0.95]-all}": 0.09491914627279124, "AP_{@[IoU=0.50:0.95]-small}": 0.040894625176803395, "AP_{@[IoU=0.50:0.95]-medium}": 0.25438303445529775}}}