{"ballcascade_12_0.55": {"coco_train_sml_01_False_matchdrill": {"AP_{@[IoU=0.50:0.95]-all}": 0.016679763121784787, "AP_{@[IoU=0.50:0.95]-small}": 9.094659465946595e-05, "AP_{@[IoU=0.50:0.95]-medium}": 0.04838981846478178}, "coco_validation_sml_01_False_matchdrill": {"AP_{@[IoU=0.50:0.95]-all}": 0.01308650874059268, "AP_{@[IoU=0.50:0.95]-small}": 0.0020627062706270625, "AP_{@[IoU=0.50:0.95]-medium}": 0.04773885960892788}}}