{"ballcascade_8_0.05": {"coco_train_sml_01_False_matchdrill": {"AP_{@[IoU=0.50:0.95]-all}": 0.08410475775344868, "AP_{@[IoU=0.50:0.95]-small}": 0.027624824317720405, "AP_{@[IoU=0.50:0.95]-medium}": 0.2181326389968797}, "coco_validation_sml_01_False_matchdrill": {"AP_{@[IoU=0.50:0.95]-all}": 0.06698739806383731, "AP_{@[IoU=0.50:0.95]-small}": 0.015222772277227722, "AP_{@[IoU=0.50:0.95]-medium}": 0.21744561706749044}}}