{"ballcascade_4_0.15": {"coco_train_sml_01_False_matchdrill": {"AP_{@[IoU=0.50:0.95]-all}": 0.1004093961333375, "AP_{@[IoU=0.50:0.95]-small}": 0.05364014159894317, "AP_{@[IoU=0.50:0.95]-medium}": 0.20566291783208113}, "coco_validation_sml_01_False_matchdrill": {"AP_{@[IoU=0.50:0.95]-all}": 0.09995384585094026, "AP_{@[IoU=0.50:0.95]-small}": 0.062332680996384504, "AP_{@[IoU=0.50:0.95]-medium}": 0.22473268773263827}}}