{"ballcascade_8_0.35": {"coco_train_sml_01_False_matchdrill": {"AP_{@[IoU=0.50:0.95]-all}": 0.05826895342828316, "AP_{@[IoU=0.50:0.95]-small}": 0.03605393422733147, "AP_{@[IoU=0.50:0.95]-medium}": 0.10385955180135434}, "coco_validation_sml_01_False_matchdrill": {"AP_{@[IoU=0.50:0.95]-all}": 0.05380384593273381, "AP_{@[IoU=0.50:0.95]-small}": 0.035582677133361634, "AP_{@[IoU=0.50:0.95]-medium}": 0.11901339197742795}}}