{"ballcascade_8_0.25": {"coco_train_sml_01_False_matchdrill": {"AP_{@[IoU=0.50:0.95]-all}": 0.09567358135203065, "AP_{@[IoU=0.50:0.95]-small}": 0.0324355984318488, "AP_{@[IoU=0.50:0.95]-medium}": 0.21791442449266382}, "coco_validation_sml_01_False_matchdrill": {"AP_{@[IoU=0.50:0.95]-all}": 0.09371244887536638, "AP_{@[IoU=0.50:0.95]-small}": 0.037663743366094855, "AP_{@[IoU=0.50:0.95]-medium}": 0.2480504594974927}}}