{"ballcascade_12_0.45": {"coco_train_sml_01_False_matchdrill": {"AP_{@[IoU=0.50:0.95]-all}": 0.08092673450203727, "AP_{@[IoU=0.50:0.95]-small}": 0.0469942835205101, "AP_{@[IoU=0.50:0.95]-medium}": 0.1549353826785953}, "coco_validation_sml_01_False_matchdrill": {"AP_{@[IoU=0.50:0.95]-all}": 0.08514998425142906, "AP_{@[IoU=0.50:0.95]-small}": 0.05078709761120001, "AP_{@[IoU=0.50:0.95]-medium}": 0.1932187682942365}}}