{"ballcascade_12_0.15": {"coco_train_sml_01_False_matchdrill": {"AP_{@[IoU=0.50:0.95]-all}": 0.11055365421719492, "AP_{@[IoU=0.50:0.95]-small}": 0.04275333750726623, "AP_{@[IoU=0.50:0.95]-medium}": 0.2648496239172264}, "coco_validation_sml_01_False_matchdrill": {"AP_{@[IoU=0.50:0.95]-all}": 0.09016128695320368, "AP_{@[IoU=0.50:0.95]-small}": 0.03928107096423929, "AP_{@[IoU=0.50:0.95]-medium}": 0.2380169611969917}}}