{"ballcascade_10_0.35": {"coco_train_sml_01_False_matchdrill": {"AP_{@[IoU=0.50:0.95]-all}": 0.1035250875036705, "AP_{@[IoU=0.50:0.95]-small}": 0.036839754504954164, "AP_{@[IoU=0.50:0.95]-medium}": 0.23125843628236892}, "coco_validation_sml_01_False_matchdrill": {"AP_{@[IoU=0.50:0.95]-all}": 0.11021665066104477, "AP_{@[IoU=0.50:0.95]-small}": 0.03946032380071148, "AP_{@[IoU=0.50:0.95]-medium}": 0.29747902585120417}}}