{"ballcascade_10_0.45": {"coco_train_sml_01_False_matchdrill": {"AP_{@[IoU=0.50:0.95]-all}": 0.0592265975161701, "AP_{@[IoU=0.50:0.95]-small}": 0.038118673820699965, "AP_{@[IoU=0.50:0.95]-medium}": 0.10255820991022793}, "coco_validation_sml_01_False_matchdrill": {"AP_{@[IoU=0.50:0.95]-all}": 0.05325958199674796, "AP_{@[IoU=0.50:0.95]-small}": 0.03372968623976255, "AP_{@[IoU=0.50:0.95]-medium}": 0.11834246354235914}}}