{"ballcascade_4_0.05": {"coco_train_sml_01_False_matchdrill": {"AP_{@[IoU=0.50:0.95]-all}": 0.09277259437255032, "AP_{@[IoU=0.50:0.95]-small}": 0.02985183361548224, "AP_{@[IoU=0.50:0.95]-medium}": 0.21655536192369376}, "coco_validation_sml_01_False_matchdrill": {"AP_{@[IoU=0.50:0.95]-all}": 0.08426178075146488, "AP_{@[IoU=0.50:0.95]-small}": 0.03939404218394479, "AP_{@[IoU=0.50:0.95]-medium}": 0.21228099236865908}}}