{"ballcascade_12_0.35": {"coco_train_sml_01_False_matchdrill": {"AP_{@[IoU=0.50:0.95]-all}": 0.09184302512713105, "AP_{@[IoU=0.50:0.95]-small}": 0.02512821305447571, "AP_{@[IoU=0.50:0.95]-medium}": 0.2135021082920183}, "coco_validation_sml_01_False_matchdrill": {"AP_{@[IoU=0.50:0.95]-all}": 0.10461430560722106, "AP_{@[IoU=0.50:0.95]-small}": 0.04226024356821647, "AP_{@[IoU=0.50:0.95]-medium}": 0.29099404638502663}}}