{"ballcascade_6_0.25": {"coco_train_sml_01_False_matchdrill": {"AP_{@[IoU=0.50:0.95]-all}": 0.008392820813638572, "AP_{@[IoU=0.50:0.95]-small}": 0.00014657348087749952, "AP_{@[IoU=0.50:0.95]-medium}": 0.021050303503405754}, "coco_validation_sml_01_False_matchdrill": {"AP_{@[IoU=0.50:0.95]-all}": 0.006653747411505718, "AP_{@[IoU=0.50:0.95]-small}": 0.0009735973597359734, "AP_{@[IoU=0.50:0.95]-medium}": 0.02399484231023848}}}