{"ballcascade_6_0.15": {"coco_train_sml_01_False_matchdrill": {"AP_{@[IoU=0.50:0.95]-all}": 0.10383320464593694, "AP_{@[IoU=0.50:0.95]-small}": 0.04177178876427333, "AP_{@[IoU=0.50:0.95]-medium}": 0.23316840431816913}, "coco_validation_sml_01_False_matchdrill": {"AP_{@[IoU=0.50:0.95]-all}": 0.09516414772091414, "AP_{@[IoU=0.50:0.95]-small}": 0.03821938779626177, "AP_{@[IoU=0.50:0.95]-medium}": 0.2578675950526463}}}