{"ballcascade_10_0.35": {"coco_test_sml_01_False_drill": {"AP_{@[IoU=0.50:0.95]-all}": 0.20488156998575152, "AP_{@[IoU=0.50:0.95]-small}": 0.0852167588452365, "AP_{@[IoU=0.50:0.95]-medium}": 0.46901417811019747, "latency": 27.93055848688124}, "coco_test_sml_01_False_matchdrill": {"AP_{@[IoU=0.50:0.95]-all}": 0.1142753676152491, "AP_{@[IoU=0.50:0.95]-small}": 0.04603740522106137, "AP_{@[IoU=0.50:0.95]-medium}": 0.3057176964692298, "latency": 25.894909728611857}, "coco_test_sml_01_FalseTrue_matchdrill": {"AP_{@[IoU=0.50:0.95]-all}": 0.09752461914588073, "AP_{@[IoU=0.50:0.95]-small}": 0.04605377089391142, "AP_{@[IoU=0.50:0.95]-medium}": 0.22599188051344873, "latency": 25.30552322064073}}}