{"ball-nanodet-plus-m_416": {"coco_test_sml_01_False_drill": {"AP_{@[IoU=0.50:0.95]-all}": 0.6026632400218891, "AP_{@[IoU=0.50:0.95]-small}": 0.435368432778124, "AP_{@[IoU=0.50:0.95]-medium}": 0.9370374085709808, "latency": 32.81884483566002}, "coco_test_sml_01_False_matchdrill": {"AP_{@[IoU=0.50:0.95]-all}": 0.5169388118812108, "AP_{@[IoU=0.50:0.95]-small}": 0.34603009549932034, "AP_{@[IoU=0.50:0.95]-medium}": 0.9293622616270991, "latency": 32.93254714836004}, "coco_test_sml_01_FalseTrue_matchdrill": {"AP_{@[IoU=0.50:0.95]-all}": 0.4642434824168696, "AP_{@[IoU=0.50:0.95]-small}": 0.3344448478361777, "AP_{@[IoU=0.50:0.95]-medium}": 0.7489099215281956, "latency": 32.61129617296911}}}