{"ball-yolov4-tiny_416": {"coco_test_sml_01_False_drill": {"AP_{@[IoU=0.50:0.95]-all}": 0.7519623695637823, "AP_{@[IoU=0.50:0.95]-small}": 0.709362306522353, "AP_{@[IoU=0.50:0.95]-medium}": 0.8664071524865352, "latency": 14.59967244099583, "model_size": 22.47623920440674}, "coco_test_sml_01_False_matchdrill": {"AP_{@[IoU=0.50:0.95]-all}": 0.6928815210097229, "AP_{@[IoU=0.50:0.95]-small}": 0.6343048799511836, "AP_{@[IoU=0.50:0.95]-medium}": 0.8548999602034213, "latency": 14.421337936863791, "model_size": 22.47623920440674}, "coco_test_sml_01_FalseTrue_matchdrill": {"AP_{@[IoU=0.50:0.95]-all}": 0.6283742634922397, "AP_{@[IoU=0.50:0.95]-small}": 0.6005776015443209, "AP_{@[IoU=0.50:0.95]-medium}": 0.7077619657142465, "latency": 14.610258748459186, "model_size": 22.47623920440674}}}