{"ball-yolov4-tiny_256": {"coco_test_sml_01_False_drill": {"AP_{@[IoU=0.50:0.95]-all}": 0.7050157260699492, "AP_{@[IoU=0.50:0.95]-small}": 0.6437072966317811, "AP_{@[IoU=0.50:0.95]-medium}": 0.845630669043857, "latency": 35.05681835782939, "model_size": 22.46422290802002}, "coco_test_sml_01_False_matchdrill": {"AP_{@[IoU=0.50:0.95]-all}": 0.614507176418642, "AP_{@[IoU=0.50:0.95]-small}": 0.5247326769212617, "AP_{@[IoU=0.50:0.95]-medium}": 0.827282127082364, "latency": 35.06728975057563, "model_size": 22.46422290802002}, "coco_test_sml_01_FalseTrue_matchdrill": {"AP_{@[IoU=0.50:0.95]-all}": 0.5612992566844688, "AP_{@[IoU=0.50:0.95]-small}": 0.49821827999897916, "AP_{@[IoU=0.50:0.95]-medium}": 0.6947318700056061, "latency": 35.122273311648875, "model_size": 22.46422290802002}}}