{"ballcascade_10_0.35": {"coco_test_sml_01_False_drill": {"AP_{@[IoU=0.50:0.95]-all}": 0.20488156998575152, "AP_{@[IoU=0.50:0.95]-small}": 0.0852167588452365, "AP_{@[IoU=0.50:0.95]-medium}": 0.46901417811019747, "latency": 29.800603470379453, "model_size": 0}, "coco_test_sml_01_False_matchdrill": {"AP_{@[IoU=0.50:0.95]-all}": 0.1142753676152491, "AP_{@[IoU=0.50:0.95]-small}": 0.04603740522106137, "AP_{@[IoU=0.50:0.95]-medium}": 0.3057176964692298, "latency": 26.25700491405112, "model_size": 0}, "coco_test_sml_01_FalseTrue_matchdrill": {"AP_{@[IoU=0.50:0.95]-all}": 0.09752461914588073, "AP_{@[IoU=0.50:0.95]-small}": 0.04605377089391142, "AP_{@[IoU=0.50:0.95]-medium}": 0.22599188051344873, "latency": 25.039747997129204, "model_size": 0}}}