{"ball-nanodet-plus-m_416": {"coco_test_sml_01_False_drill": {"AP_{@[IoU=0.50:0.95]-all}": 0.8173752298987861, "AP_{@[IoU=0.50:0.95]-small}": 0.7509518392013245, "AP_{@[IoU=0.50:0.95]-medium}": 0.9398057446222053, "latency": 31.852534342116936, "model_size": 5.411595344543457}, "coco_test_sml_01_False_matchdrill": {"AP_{@[IoU=0.50:0.95]-all}": 0.7399761202553123, "AP_{@[IoU=0.50:0.95]-small}": 0.6568023274372274, "AP_{@[IoU=0.50:0.95]-medium}": 0.9295169275725856, "latency": 32.00848586933067, "model_size": 5.411595344543457}, "coco_test_sml_01_FalseTrue_matchdrill": {"AP_{@[IoU=0.50:0.95]-all}": 0.6724911458110023, "AP_{@[IoU=0.50:0.95]-small}": 0.6242729020286891, "AP_{@[IoU=0.50:0.95]-medium}": 0.7790211583558893, "latency": 32.07110726982639, "model_size": 5.411595344543457}}}