{"ballcascade_8_0.25": {"coco_test_sml_01_False_drill": {"AP_{@[IoU=0.50:0.95]-all}": 0.19526041879376296, "AP_{@[IoU=0.50:0.95]-small}": 0.05023919392585671, "AP_{@[IoU=0.50:0.95]-medium}": 0.47772613894971194}, "coco_test_sml_01_False_matchdrill": {"AP_{@[IoU=0.50:0.95]-all}": 0.10498002747096674, "AP_{@[IoU=0.50:0.95]-small}": 0.020183047288337332, "AP_{@[IoU=0.50:0.95]-medium}": 0.300522655213058}, "coco_test_sml_01_FalseTrue_matchdrill": {"AP_{@[IoU=0.50:0.95]-all}": 0.08815535050431005, "AP_{@[IoU=0.50:0.95]-small}": 0.0184057847511086, "AP_{@[IoU=0.50:0.95]-medium}": 0.22544876609320816}}}