{"yolov5s": {"coco_validation_sml_01_False_drill": {"AP_{@[IoU=0.50:0.95]-all}": 0.33046216245087484, "AP_{@[IoU=0.50:0.95]-small}": 0.1781813960277973, "AP_{@[IoU=0.50:0.95]-medium}": 0.6912813817326405}, "coco_validation_sml_01_False_matchdrill": {"AP_{@[IoU=0.50:0.95]-all}": 0.2737320537311127, "AP_{@[IoU=0.50:0.95]-small}": 0.17516936797921465, "AP_{@[IoU=0.50:0.95]-medium}": 0.5832309987454407}, "coco_validation_sml_01_FalseTrue_matchdrill": {"AP_{@[IoU=0.50:0.95]-all}": 0.24790607789689345, "AP_{@[IoU=0.50:0.95]-small}": 0.1615533247829522, "AP_{@[IoU=0.50:0.95]-medium}": 0.47007776894834913}}}