{"finedet_map93_416": {"coco_test_sml_01_False_drill": {"AP_{@[IoU=0.50:0.95]-all}": 0.6131721347438169, "AP_{@[IoU=0.50:0.95]-small}": 0.4468636194222612, "AP_{@[IoU=0.50:0.95]-medium}": 0.9412732732750803, "latency": 32.838537723603324}, "coco_test_sml_01_False_matchdrill": {"AP_{@[IoU=0.50:0.95]-all}": 0.5183679513469781, "AP_{@[IoU=0.50:0.95]-small}": 0.34604292043361634, "AP_{@[IoU=0.50:0.95]-medium}": 0.9327606357286273, "latency": 33.24468887824233}, "coco_test_sml_01_FalseTrue_matchdrill": {"AP_{@[IoU=0.50:0.95]-all}": 0.4757036566790449, "AP_{@[IoU=0.50:0.95]-small}": 0.33620046298351686, "AP_{@[IoU=0.50:0.95]-medium}": 0.7812213260394852, "latency": 33.295222334600886}}}