{"pretrained_nanodet-plus-m_416": {"coco_test_sml_01_False_drill": {"AP_{@[IoU=0.50:0.95]-all}": 0.5724560429455392, "AP_{@[IoU=0.50:0.95]-small}": 0.5185401629649811, "AP_{@[IoU=0.50:0.95]-medium}": 0.6786635715226081, "latency": 31.63422442945355, "model_size": 4.946371078491211}, "coco_test_sml_01_False_matchdrill": {"AP_{@[IoU=0.50:0.95]-all}": 0.41847530763015084, "AP_{@[IoU=0.50:0.95]-small}": 0.34713410012469875, "AP_{@[IoU=0.50:0.95]-medium}": 0.5960039252282197, "latency": 32.29196317884383, "model_size": 4.946371078491211}, "coco_test_sml_01_FalseTrue_matchdrill": {"AP_{@[IoU=0.50:0.95]-all}": 0.3663913606996637, "AP_{@[IoU=0.50:0.95]-small}": 0.3090671893528737, "AP_{@[IoU=0.50:0.95]-medium}": 0.49042172363512193, "latency": 32.694148565658985, "model_size": 4.946371078491211}}}