{"pretrained_yolox_nano": {"coco_test_sml_01_False_drill": {"AP_{@[IoU=0.50:0.95]-all}": 0.015805103527681656, "AP_{@[IoU=0.50:0.95]-small}": 0.030083305300256723, "AP_{@[IoU=0.50:0.95]-medium}": 0.02230470312828748, "latency": 35.5193469103039}, "coco_test_sml_01_False_matchdrill": {"AP_{@[IoU=0.50:0.95]-all}": 0.0021328645147450074, "AP_{@[IoU=0.50:0.95]-small}": 0.004601104901891652, "AP_{@[IoU=0.50:0.95]-medium}": 0.0023412084077399534, "latency": 35.37290901970801}, "coco_test_sml_01_FalseTrue_matchdrill": {"AP_{@[IoU=0.50:0.95]-all}": 0.0017995734039022995, "AP_{@[IoU=0.50:0.95]-small}": 0.004347338438876994, "AP_{@[IoU=0.50:0.95]-medium}": 0.0018725372213755634, "latency": 36.03666444843237}}}