{"pretrained_yolov5s": {"coco_test_sml_01_False_drill": {"AP_{@[IoU=0.50:0.95]-all}": 0.25977929098465025, "AP_{@[IoU=0.50:0.95]-small}": 0.07118379695112369, "AP_{@[IoU=0.50:0.95]-medium}": 0.6714260733357218, "latency": 27.930950345961445}, "coco_test_sml_01_False_matchdrill": {"AP_{@[IoU=0.50:0.95]-all}": 0.24392340379064006, "AP_{@[IoU=0.50:0.95]-small}": 0.0879489280446526, "AP_{@[IoU=0.50:0.95]-medium}": 0.6217192852451544, "latency": 31.52455944550664}, "coco_test_sml_01_FalseTrue_matchdrill": {"AP_{@[IoU=0.50:0.95]-all}": 0.21894669847869935, "AP_{@[IoU=0.50:0.95]-small}": 0.08274053748691373, "AP_{@[IoU=0.50:0.95]-medium}": 0.5035449602703065, "latency": 31.006357748720255}}}