{"pretrained_yolov4-tiny": {"coco_test_sml_01_False_drill": {"AP_{@[IoU=0.50:0.95]-all}": 0.2272678338794571, "AP_{@[IoU=0.50:0.95]-small}": 0.054032326309554034, "AP_{@[IoU=0.50:0.95]-medium}": 0.5865206539384124, "latency": 14.19607821502529, "model_size": 23.172390937805176}, "coco_test_sml_01_False_matchdrill": {"AP_{@[IoU=0.50:0.95]-all}": 0.16664564324662168, "AP_{@[IoU=0.50:0.95]-small}": 0.043030299804944654, "AP_{@[IoU=0.50:0.95]-medium}": 0.4842536253199621, "latency": 14.189645430789092, "model_size": 23.172390937805176}, "coco_test_sml_01_FalseTrue_matchdrill": {"AP_{@[IoU=0.50:0.95]-all}": 0.14324466041041636, "AP_{@[IoU=0.50:0.95]-small}": 0.03579950192224191, "AP_{@[IoU=0.50:0.95]-medium}": 0.3847050902786619, "latency": 14.190259085717594, "model_size": 23.172390937805176}}}